respondent_id,Marca temporal,¿Acepta participar en esta encuesta bajo las condiciones descritas anteriormente?,"  A1. ¿Cuál es su rol principal actual en el desarrollo o gestión de software?  

(Seleccione la opción que mejor describe su función predominante. Pregunta obligatoria.)","A2. ¿Cuántos años de experiencia profesional acumulada tiene en roles de desarrollo, arquitectura u operaciones de software?

(Seleccione el rango que corresponde a su experiencia total. Pregunta obligatoria.)","¿Cuál es su nivel de familiaridad con los siguientes temas?   [A3 — Plataformas LC/NC (n8n, Zapier, Make, Power Automate…]",¿Cuál es su nivel de familiaridad con los siguientes temas?   [A4 — Clean Architecture y separación de responsabilidades],"¿Cuál es su nivel de familiaridad con los siguientes temas?   [A5 — Evaluación arquitectónica (ATAM, ISO 25010, ADRs, TOGAF…)]",Mantenibilidad — ¿El framework facilita modificar y mantener flujos?  [B1 — Las cuatro etapas (E1→E2→E3→E4) mejoran la modularidad del flujo],Mantenibilidad — ¿El framework facilita modificar y mantener flujos?  [B2 — Pasar de ~5 nodos por cambio (as-is) a 1 nodo (to-be) es una mejora de mantenibilidad verificable],Fiabilidad — ¿El framework reduce pérdida de datos y fallos?  [B3 — Retry con backoff e idempotencia con clave única previenen pérdida o duplicación de datos en producción],Fiabilidad — ¿El framework reduce pérdida de datos y fallos?  [B4 — Guardar el payload completo en dead-letter es la decisión correcta para lecturas IoT irrecuperables si se pierden],  Seguridad y Operabilidad   [B5 — Gestionar secretos solo vía credenciales nativas de n8n es práctica mínima aceptable para entornos productivos LC/NC],  Seguridad y Operabilidad   [B6 — El log JSON por etapa permite diagnosticar fallos sin abrir la interfaz gráfica de n8n],Aplicabilidad — ¿El framework es adoptable en proyectos reales?    [B7 — Las 10 reglas obligatorias (REG-001 a REG-010) son aplicables en proyectos LC/NC reales de mi contexto profesional],Aplicabilidad — ¿El framework es adoptable en proyectos reales?    [B8 — El framework aporta valor arquitectónico sin imponer complejidad excesiva al desarrollador],"C1. ¿Qué observación técnica considera más importante sobre el framework presentado?
Puede referirse a riesgos arquitectónicos, trade-offs que le parezcan críticos, reglas que cuestionaría, o aspectos que refinaría. Sea conciso.
[ Campo de texto abierto — máx. 500 caracteres ]","D1. En una escala de 1 a 10, ¿cómo califica globalmente el micro-framework propuesto como respuesta al problema de deuda técnica en flujos Low-Code/No-Code?
(Seleccione el número que mejor representa su valoración global. Pregunta obligatoria.)","D2. ¿Adoptaría este framework —o sus principios nucleares— en un proyecto LC/NC actual o futuro de su organización o contexto profesional?
(Seleccione la opción que mejor refleja su intención. Pregunta obligatoria.)","¿Cuál es la razón principal por la que no lo adoptaría o necesitaría más evidencia?

(Opcional. Su respuesta enriquece el análisis de limitaciones del estudio)","Scoring del diseño AS-IS 

Califique qué tan bien soportaba el diseño original cada escenario.    [BOT-Q1 · Cambio de reglas de prioridad (Mantenibilidad)]","Scoring del diseño AS-IS 

Califique qué tan bien soportaba el diseño original cada escenario.    [BOT-Q2 · Cambio de proveedor de tickets (Mantenibilidad)]","Scoring del diseño AS-IS 

Califique qué tan bien soportaba el diseño original cada escenario.    [BOT-Q3 · Credenciales expuestas en JSON exportado (Seguridad)]","Scoring del diseño AS-IS 

Califique qué tan bien soportaba el diseño original cada escenario.    [BOT-Q4 · Ticket duplicado por reintento (Fiabilidad)]","Scoring del diseño AS-IS 

Califique qué tan bien soportaba el diseño original cada escenario.    [BOT-Q5 · Diagnóstico de fallo silencioso en producción (Operabilidad)]","Scoring del diseño AS-IS 

Califique qué tan bien soportaba el diseño original cada escenario.    [BOT-Q6 · Códigos HTTP incorrectos ante errores de entrada (Funcionalidad)]","Scoring del diseño AS-IS 

Califique qué tan bien soportaba el diseño original cada escenario.    [IOT-Q1 · Ajuste de umbral de temperatura (Mantenibilidad)]","Scoring del diseño AS-IS 

Califique qué tan bien soportaba el diseño original cada escenario.    [IOT-Q2 · Cambio de canal de notificación (Mantenibilidad)]","Scoring del diseño AS-IS 

Califique qué tan bien soportaba el diseño original cada escenario.    [IOT-Q3 · Lectura duplicada por reenvío del sensor (Fiabilidad)]","Scoring del diseño AS-IS 

Califique qué tan bien soportaba el diseño original cada escenario.    [IOT-Q4 · Canal de notificación caído 30 s (Fiabilidad)]","Scoring del diseño AS-IS 

Califique qué tan bien soportaba el diseño original cada escenario.    [IOT-Q5 · Routing crítico vs advertencia (Confiabilidad)]","Scoring del diseño AS-IS 

Califique qué tan bien soportaba el diseño original cada escenario.    [IOT-Q6 · Credenciales de BD en JSON exportado (Seguridad)]","Scoring del diseño TO-BE 

Califique qué tan bien soporta el diseño con framework cada escenario.  [BOT-Q1 · Cambio de reglas de prioridad (Mantenibilidad)]","Scoring del diseño TO-BE 

Califique qué tan bien soporta el diseño con framework cada escenario.  [BOT-Q2 · Cambio de proveedor de tickets (Mantenibilidad)]","Scoring del diseño TO-BE 

Califique qué tan bien soporta el diseño con framework cada escenario.  [BOT-Q3 · Credenciales expuestas en JSON exportado (Seguridad)]","Scoring del diseño TO-BE 

Califique qué tan bien soporta el diseño con framework cada escenario.  [BOT-Q4 · Ticket duplicado por reintento (Fiabilidad)]","Scoring del diseño TO-BE 

Califique qué tan bien soporta el diseño con framework cada escenario.  [BOT-Q5 · Diagnóstico de fallo silencioso en producción (Operabilidad)]","Scoring del diseño TO-BE 

Califique qué tan bien soporta el diseño con framework cada escenario.  [BOT-Q6 · Códigos HTTP incorrectos ante errores de entrada (Funcionalidad)]","Scoring del diseño TO-BE 

Califique qué tan bien soporta el diseño con framework cada escenario.  [IOT-Q1 · Ajuste de umbral de temperatura (Mantenibilidad)]","Scoring del diseño TO-BE 

Califique qué tan bien soporta el diseño con framework cada escenario.  [IOT-Q2 · Cambio de canal de notificación (Mantenibilidad)]","Scoring del diseño TO-BE 

Califique qué tan bien soporta el diseño con framework cada escenario.  [IOT-Q3 · Lectura duplicada por reenvío del sensor (Fiabilidad)]","Scoring del diseño TO-BE 

Califique qué tan bien soporta el diseño con framework cada escenario.  [IOT-Q4 · Canal de notificación caído 30 s (Fiabilidad)]","Scoring del diseño TO-BE 

Califique qué tan bien soporta el diseño con framework cada escenario.  [IOT-Q5 · Routing crítico vs advertencia (Confiabilidad)]","Scoring del diseño TO-BE 

Califique qué tan bien soporta el diseño con framework cada escenario.  [IOT-Q6 · Credenciales de BD en JSON exportado (Seguridad)]","Clasificación arquitectónica

¿Cómo clasifica la decisión de diseño principal de cada escenario? [BOT-Q1 · Subflujos independientes por etapa (E1–E4)]","Clasificación arquitectónica

¿Cómo clasifica la decisión de diseño principal de cada escenario? [BOT-Q2 · Integraciones externas aisladas en E3]","Clasificación arquitectónica

¿Cómo clasifica la decisión de diseño principal de cada escenario? [BOT-Q3 · Secretos solo vía credenciales nativas (REG-001)]","Clasificación arquitectónica

¿Cómo clasifica la decisión de diseño principal de cada escenario? [BOT-Q4 · Idempotency-Key en llamadas HTTP salientes (REG-005)]","Clasificación arquitectónica

¿Cómo clasifica la decisión de diseño principal de cada escenario? [BOT-Q5 · Log estructurado JSON por etapa (REG-006)]","Clasificación arquitectónica

¿Cómo clasifica la decisión de diseño principal de cada escenario? [BOT-Q6 · Contratos HTTP correctos 401/400/200 (REG-009)]","Clasificación arquitectónica

¿Cómo clasifica la decisión de diseño principal de cada escenario? [IOT-Q1 · Constantes de dominio centralizadas en E2]","Clasificación arquitectónica

¿Cómo clasifica la decisión de diseño principal de cada escenario? [IOT-Q2 · Notificación aislada en E4 como adaptador]","Clasificación arquitectónica

¿Cómo clasifica la decisión de diseño principal de cada escenario? [IOT-Q3 · ON CONFLICT en persistencia E3 (REG-005)]","Clasificación arquitectónica

¿Cómo clasifica la decisión de diseño principal de cada escenario? [IOT-Q4 · Retry + dead-letter para fallos de canal]","Clasificación arquitectónica

¿Cómo clasifica la decisión de diseño principal de cada escenario? [IOT-Q5 · Routing diferenciado por criticidad en E4]","Clasificación arquitectónica

¿Cómo clasifica la decisión de diseño principal de cada escenario? [IOT-Q6 · REG-001 + validador estático en flujo IoT]","¿Tiene alguna observación sobre los escenarios o el ejercicio de scoring?

Por ejemplo: algún sensitivity point, trade-off o riesgo no cubierto en los 12 escenarios; inconsistencias que detectó; o cualquier observación metodológica sobre el mini-ATAM.
[ Campo de texto abierto opcional — máx. 500 caracteres ]"
R-001,17/06/2026 17:25,"Sí, he leído las condiciones y acepto participar",Desarrollador / Ingeniero de software,Entre 3 y 5 años,Ninguna,Muy Alta,Alta,Totalmente de acuerdo,Totalmente de acuerdo,Totalmente de acuerdo,Totalmente de acuerdo,Totalmente de acuerdo,Totalmente de acuerdo,Totalmente de acuerdo,Totalmente de acuerdo,"El aspecto más crítico es que el mecanismo de dead-letter (REG-003) comparte canal con E4 en el caso IoT, lo que significa que cuando más se necesita la red de seguridad del framework —ante un fallo en la etapa de salida— es precisamente cuando esta también puede fallar. Combinado con el incremento de latencia de hasta +192% por la cadena secuencial de subflujos, el framework debería exigir independencia de infraestructura entre el error handler y las etapas funcionales para que su promesa de resiliencia sea realmente robusta.",9,"Sí, con adaptaciones a mi contexto específico — los principios son válidos pero requeriría ajustes",,Soporte débil,Soporte débil,No soportado,No soportado,No soportado,No soportado,No soportado,No soportado,No soportado,Soporte débil,Soporte débil,No soportado,Excelente soporte,Buen soporte,Excelente soporte,Excelente soporte,Excelente soporte,Excelente soporte,Excelente soporte,Excelente soporte,Excelente soporte,Excelente soporte,Excelente soporte,Excelente soporte,Excelente soporte,Excelente soporte,Excelente soporte,Excelente soporte,Excelente soporte,Excelente soporte,Excelente soporte,Excelente soporte,Excelente soporte,Excelente soporte,Excelente soporte,Excelente soporte,"Los 12 escenarios no parecen incluir uno de carga o escalabilidad, lo cual es relevante dado que el trade-off de latencia en IoT (+192% p50) podría agravarse bajo volumen alto. Además, los scores as-is concentrados en 1-2 y los to-be en 4-5 sugieren un rango que maximiza el delta visible; un escenario intermedio (framework parcialmente aplicado) ayudaría a validar que la mejora es gradual y no un artefacto de comparar el peor caso contra el mejor."
R-002,18/06/2026 08:52,"Sí, he leído las condiciones y acepto participar",Desarrollador / Ingeniero de software,Entre 3 y 5 años,Media,Muy Alta,Alta,Totalmente de acuerdo,De acuerdo,De acuerdo,Totalmente de acuerdo,De acuerdo,De acuerdo,De acuerdo,Totalmente de acuerdo,Ninguna,9,"Sí, con adaptaciones a mi contexto específico — los principios son válidos pero requeriría ajustes",,Soporte débil,No soportado,Soporte moderado,Soporte débil,No soportado,Soporte moderado,Soporte débil,No soportado,Soporte débil,Soporte moderado,Soporte débil,No soportado,Buen soporte,Excelente soporte,Excelente soporte,Excelente soporte,Buen soporte,Excelente soporte,Buen soporte,Excelente soporte,Excelente soporte,Buen soporte,Buen soporte,Excelente soporte,Buen soporte,Buen soporte,Excelente soporte,Excelente soporte,Excelente soporte,Excelente soporte,Excelente soporte,Excelente soporte,Buen soporte,Excelente soporte,Excelente soporte,Buen soporte,
R-003,18/06/2026 11:04,"Sí, he leído las condiciones y acepto participar",Desarrollador / Ingeniero de software,Entre 3 y 5 años,Media,Muy Alta,Muy Alta,Totalmente de acuerdo,De acuerdo,Totalmente de acuerdo,De acuerdo,De acuerdo,Totalmente de acuerdo,De acuerdo,De acuerdo,"El riesgo principal es que las 10 reglas sean uniformes para todos los flujos, sin distinguir criticidad. Un flujo que mueve datos financieros y uno que genera un reporte interno no merecen el mismo nivel de control. Sin un criterio de clasificación por riesgo, los desarrolladores terminarán aplicando las reglas mecánicamente en flujos simples o saltándoselas en flujos críticos. Añadiría un paso inicial que clasifique el flujo y determine qué reglas son obligatorias según su impacto.",10,"Sí, sin modificaciones mayores — lo adoptaría tal como está presentado",,Soporte débil,Soporte débil,No soportado,No soportado,Soporte débil,Soporte débil,Soporte débil,Soporte débil,No soportado,No soportado,Soporte moderado,No soportado,Excelente soporte,Buen soporte,Buen soporte,Excelente soporte,Excelente soporte,Buen soporte,Excelente soporte,Buen soporte,Excelente soporte,Buen soporte,Excelente soporte,Buen soporte,Excelente soporte,Excelente soporte,Buen soporte,Excelente soporte,Excelente soporte,Excelente soporte,Excelente soporte,Excelente soporte,Excelente soporte,Excelente soporte,Excelente soporte,Buen soporte,no
R-004,18/06/2026 13:39,"Sí, he leído las condiciones y acepto participar",Scrum Master / Agile Coach,Entre 5 y 10 años,Media,Alta,Media,De acuerdo,Neutral,De acuerdo,De acuerdo,De acuerdo,Neutral,De acuerdo,Neutral,"el principal riesgo que logro observar es la dependencia de factores externos no controlados, lo que puede afectar la resiliencia real. Además, el trade off de latencia por la modularizacion puede ser crítico en escenarios IOT de alto volumen. Evaluaría mecanismos complementarios de observabilidad y fallback",8,"Tal vez — requeriría más evidencia empírica, validación en producción, o más contexto","Porque depende de factores externos y no valida su impacto real en producción, especialmente en latencia y resiliencia",Buen soporte,Soporte moderado,Buen soporte,Buen soporte,Buen soporte,Buen soporte,Soporte moderado,Soporte moderado,Soporte moderado,Buen soporte,Soporte moderado,Soporte moderado,Buen soporte,Buen soporte,Buen soporte,Buen soporte,Buen soporte,Excelente soporte,Buen soporte,Buen soporte,Buen soporte,Excelente soporte,Buen soporte,Buen soporte,Buen soporte,Buen soporte,Buen soporte,Buen soporte,Excelente soporte,Excelente soporte,Buen soporte,Buen soporte,Buen soporte,Buen soporte,Buen soporte,Excelente soporte,"los escenarios no cubren completamente riesgos de dependencia externa (idempotencia/APIs, logs no centralizados) y parecen evaluados en condiciones controladas, faltaría validar comportamiento en producción y bajo carga reallista"
R-005,19/06/2026 00:25,"Sí, he leído las condiciones y acepto participar",Arquitecto de software,Más de 10 años,Alta,Alta,Media,Totalmente de acuerdo,Totalmente de acuerdo,De acuerdo,Totalmente de acuerdo,Totalmente de acuerdo,Totalmente de acuerdo,Totalmente de acuerdo,Totalmente de acuerdo,"La observación técnica más importante es que la orquestación centralizada y la modularización estricta introducen un acoplamiento operacional y un costo de latencia significativo, especialmente en escenarios IoT donde se reportan aumentos del +119 % al +192 % p50.

Aunque el trade-off está documentado, cuestionaría la regla implícita de secuencializar siempre E1→E2→E3→E4 y el uso de un único orquestador por proceso. Para cargas de alta frecuencia, convendría permitir patrones más flexibles (event-driven, paralelismo o composición distribuida) para evitar que la mantenibilidad se obtenga a costa de la escalabilidad y del tiempo de respuesta.

En síntesis: el principal riesgo arquitectónico es que la búsqueda de separación de responsabilidades termine convirtiéndose en una sobrefragmentación de los flujos.",10,"Sí, con adaptaciones a mi contexto específico — los principios son válidos pero requeriría ajustes",,Excelente soporte,Buen soporte,Excelente soporte,Excelente soporte,Excelente soporte,Buen soporte,Buen soporte,Buen soporte,Excelente soporte,Excelente soporte,Buen soporte,Buen soporte,Excelente soporte,Excelente soporte,Excelente soporte,Excelente soporte,Excelente soporte,Excelente soporte,Excelente soporte,Excelente soporte,Excelente soporte,Excelente soporte,Excelente soporte,Excelente soporte,Excelente soporte,Excelente soporte,Excelente soporte,Excelente soporte,Soporte moderado,Excelente soporte,Buen soporte,Buen soporte,Excelente soporte,Excelente soporte,Buen soporte,Buen soporte,"Se echa en falta un escenario explícito de escalabilidad y recuperación ante fallos del propio mecanismo de observabilidad (logs y dead-letter). También convendría incorporar escenarios de concurrencia y dependencia de terceros, ya identificados como sensitivity points. Metodológicamente, los scores ATAM fueron asignados por el autor; sería deseable validarlos con evaluadores independientes para reducir sesgos y aumentar la trazabilidad."
R-006,22/06/2026 10:34,"Sí, he leído las condiciones y acepto participar",Desarrollador / Ingeniero de software,Entre 3 y 5 años,Media,Muy Alta,Alta,De acuerdo,De acuerdo,De acuerdo,De acuerdo,De acuerdo,De acuerdo,De acuerdo,De acuerdo,Ningúna ,9,"Sí, con adaptaciones a mi contexto específico — los principios son válidos pero requeriría ajustes",,Soporte débil,Soporte débil,Soporte débil,Soporte débil,Soporte débil,Soporte débil,Soporte débil,Soporte débil,Soporte débil,Soporte débil,Soporte débil,Soporte débil,Buen soporte,Buen soporte,Buen soporte,Buen soporte,Buen soporte,Buen soporte,Buen soporte,Buen soporte,Buen soporte,Buen soporte,Buen soporte,Buen soporte,Buen soporte,Excelente soporte,Buen soporte,Excelente soporte,Buen soporte,Excelente soporte,Buen soporte,Buen soporte,Buen soporte,Buen soporte,Excelente soporte,Buen soporte,Ninguna
R-007,22/06/2026 11:38,"Sí, he leído las condiciones y acepto participar",Analista de sistemas / Analista de software,Entre 5 y 10 años,Ninguna,Media,Media,Totalmente de acuerdo,Totalmente de acuerdo,Totalmente de acuerdo,De acuerdo,De acuerdo,Totalmente de acuerdo,De acuerdo,De acuerdo,Ninguna,7,"Tal vez — requeriría más evidencia empírica, validación en producción, o más contexto",Falta de pruebas en entornos productivos,Soporte débil,Soporte moderado,Soporte moderado,Soporte débil,Soporte débil,No soportado,No soportado,Soporte débil,Soporte débil,No soportado,Soporte moderado,Soporte débil,Buen soporte,Excelente soporte,Excelente soporte,Buen soporte,Soporte moderado,Buen soporte,Soporte moderado,Buen soporte,Buen soporte,Excelente soporte,Excelente soporte,Excelente soporte,Buen soporte,Buen soporte,Buen soporte,Excelente soporte,Excelente soporte,Buen soporte,Buen soporte,Excelente soporte,Buen soporte,Buen soporte,Buen soporte,Buen soporte,Ninguna
R-008,22/06/2026 13:15,"Sí, he leído las condiciones y acepto participar",Arquitecto de software,Más de 10 años,Alta,Muy Alta,Muy Alta,Totalmente de acuerdo,Totalmente de acuerdo,Totalmente de acuerdo,De acuerdo,De acuerdo,Totalmente de acuerdo,Totalmente de acuerdo,De acuerdo,"La eliminación de credenciales hardcodeadas (−100%) es el impacto de seguridad más crítico del framework. REG-001 resuelve el antipatrón de mayor riesgo operativo en LC/NC. Como observación: sugiero que REG-001 se complemente con un lineamiento de rotación periódica de tokens, ya que R-BOT-01 identifica ese riesgo como abierto. El validador estático fortalece la postura preventiva, pero la rotación automatizada cerraría el ciclo de seguridad completo.",9,"Sí, sin modificaciones mayores — lo adoptaría tal como está presentado",,Soporte débil,Soporte débil,No soportado,Soporte débil,No soportado,Soporte débil,Soporte débil,Soporte débil,No soportado,No soportado,No soportado,No soportado,Excelente soporte,Excelente soporte,Excelente soporte,Buen soporte,Excelente soporte,Excelente soporte,Excelente soporte,Excelente soporte,Excelente soporte,Buen soporte,Buen soporte,Excelente soporte,Buen soporte,Buen soporte,Buen soporte,Excelente soporte,Excelente soporte,Excelente soporte,Excelente soporte,Buen soporte,Excelente soporte,Buen soporte,Buen soporte,Excelente soporte,"Los 12 escenarios cubren bien los atributos principales. Como observación: ningún escenario evalúa qué ocurre con la idempotencia bajo concurrencia real (múltiples instancias n8n ejecutando el mismo flujo simultáneamente). El Idempotency-Key en HTTP y el ON CONFLICT en BD son efectivos en instancia única, pero bajo despliegue horizontal el comportamiento no está cubierto por ningún escenario. Sería un sensitivity point adicional relevante para producción."
R-009,22/06/2026 19:24,"Sí, he leído las condiciones y acepto participar",Desarrollador / Ingeniero de software,Menos de 3 años,Ninguna,Alta,Media,Totalmente de acuerdo,Totalmente de acuerdo,Totalmente de acuerdo,De acuerdo,Totalmente de acuerdo,Totalmente de acuerdo,Totalmente de acuerdo,Neutral,Debe ser entendible,8,"Tal vez — requeriría más evidencia empírica, validación en producción, o más contexto","Los ejemplos son basicos, por lo que para implementar a gran escala habria que revisar las modificaciones que se deben a hacer",Soporte débil,Soporte débil,No soportado,No soportado,No soportado,Soporte débil,Soporte débil,Soporte débil,No soportado,No soportado,No soportado,No soportado,Buen soporte,Buen soporte,Excelente soporte,Excelente soporte,Excelente soporte,Excelente soporte,Excelente soporte,Buen soporte,Excelente soporte,Excelente soporte,Excelente soporte,Excelente soporte,Excelente soporte,Excelente soporte,Excelente soporte,Excelente soporte,Excelente soporte,Excelente soporte,Buen soporte,Excelente soporte,Excelente soporte,Excelente soporte,Buen soporte,Buen soporte,
R-010,22/06/2026 20:14,"Sí, he leído las condiciones y acepto participar",Tech Lead / Líder técnico,Más de 10 años,Muy Alta,Alta,Alta,Totalmente de acuerdo,Totalmente de acuerdo,De acuerdo,Totalmente de acuerdo,De acuerdo,Totalmente de acuerdo,De acuerdo,Totalmente de acuerdo,"El mayor aporte del framework es hacer que los Change Requests sean predecibles: pasar de 5.3 nodos tocados a 1.0 transforma la estimación de esfuerzo. En equipos LC/NC sin cultura arquitectónica, ese impacto es inmediato. Sugiero que el framework incluya una guía de onboarding mínima para equipos sin experiencia en Clean Architecture, ya que REG-008 puede resultar contraintuitivo para desarrolladores acostumbrados a flujos monolíticos",9,"Sí, sin modificaciones mayores — lo adoptaría tal como está presentado",,Soporte débil,Soporte débil,No soportado,Soporte débil,No soportado,Soporte débil,Soporte débil,Soporte débil,No soportado,No soportado,No soportado,No soportado,Excelente soporte,Excelente soporte,Excelente soporte,Buen soporte,Excelente soporte,Excelente soporte,Excelente soporte,Excelente soporte,Excelente soporte,Buen soporte,Excelente soporte,Excelente soporte,Buen soporte,Excelente soporte,Soporte moderado,Soporte moderado,Buen soporte,Excelente soporte,Excelente soporte,Buen soporte,Excelente soporte,Soporte débil,Buen soporte,Excelente soporte,"El ejercicio de scoring es sólido. Sugiero incluir un escenario que evalúe el impacto del framework cuando un desarrollador sin experiencia arquitectónica realiza el primer CR. La reducción de tiempo de 32.7 a 6.7 minutos es el dato más convincente para justificar adopción, y un escenario centrado en la curva de aprendizaje inicial enriquecería el análisis ATAM con una perspectiva de adopción organizacional real."
R-011,22/06/2026 20:45,"Sí, he leído las condiciones y acepto participar",Arquitecto de software,Entre 5 y 10 años,Alta,Alta,Media,Totalmente de acuerdo,De acuerdo,Totalmente de acuerdo,De acuerdo,De acuerdo,Totalmente de acuerdo,De acuerdo,De acuerdo,El metamodelo E1–E4 es la decisión más valiosa del framework porque impone una separación de responsabilidades que en plataformas LC/NC normalmente se omite por la velocidad de desarrollo. La restricción de E2 de no llamar APIs externas directamente es exactamente el tipo de regla contraintuitiva que un arquitecto debe defender ante equipos de negocio. El trade-off de latencia en IoT es real pero asumible cuando el beneficio de mantenibilidad supera el costo operacional en flujos de baja frecuencia.,8,"Sí, con adaptaciones a mi contexto específico — los principios son válidos pero requeriría ajustes",,Soporte débil,No soportado,No soportado,Soporte débil,No soportado,Soporte débil,Soporte débil,Soporte débil,No soportado,No soportado,No soportado,No soportado,Excelente soporte,Excelente soporte,Excelente soporte,Buen soporte,Excelente soporte,Excelente soporte,Excelente soporte,Excelente soporte,Excelente soporte,Soporte moderado,Buen soporte,Excelente soporte,Buen soporte,Excelente soporte,Soporte moderado,Soporte moderado,Excelente soporte,Excelente soporte,Excelente soporte,Buen soporte,Excelente soporte,Soporte débil,Buen soporte,Excelente soporte,"E4: IOT-Q4 merece atención especial: el riesgo de que el dead-letter falle cuando E4 está caído implica que el mecanismo de recuperación depende del mismo canal que falló. En patrones de integración empresarial esto se resuelve con un canal de escritura independiente para el dead-letter, desacoplado del canal de notificación principal. Sería valioso incluir un escenario que evalúe la resiliencia del propio mecanismo de recuperación ante fallos en cascada."
R-012,23/06/2026 12:31,"Sí, he leído las condiciones y acepto participar",Desarrollador / Ingeniero de software,Entre 3 y 5 años,Media,Muy Alta,Media,Totalmente de acuerdo,De acuerdo,Totalmente de acuerdo,Totalmente de acuerdo,De acuerdo,Totalmente de acuerdo,Neutral,De acuerdo,"El tema de seguridad se maneja poco en esta infraestructura, los flujos de n8n tambien estan en riesgo de sufrir ciberataques ya sea por fuera o por dentro de la organizacion",9,"Sí, sin modificaciones mayores — lo adoptaría tal como está presentado",,Soporte débil,Soporte débil,No soportado,No soportado,Soporte débil,Soporte débil,Soporte moderado,Soporte moderado,No soportado,No soportado,No soportado,No soportado,Excelente soporte,Excelente soporte,Excelente soporte,Excelente soporte,Excelente soporte,Excelente soporte,Buen soporte,Excelente soporte,Excelente soporte,Buen soporte,Excelente soporte,Excelente soporte,Excelente soporte,Excelente soporte,Buen soporte,Excelente soporte,Buen soporte,Buen soporte,Soporte moderado,Excelente soporte,Buen soporte,Excelente soporte,Excelente soporte,Excelente soporte,
R-013,23/06/2026 15:19,"Sí, he leído las condiciones y acepto participar",Desarrollador / Ingeniero de software,Entre 3 y 5 años,Alta,Media,Baja,De acuerdo,Totalmente de acuerdo,Totalmente de acuerdo,De acuerdo,De acuerdo,Totalmente de acuerdo,De acuerdo,De acuerdo,"La separación en etapas hace que los cambios sean predecibles. Antes tocabas 5 nodos sin saber cuál iba a romper algo; ahora sabes exactamente dónde ir. El retry con backoff debería ser obligatorio también en llamadas internas entre subflujos, no solo en HTTP saliente.",8,"Sí, con adaptaciones a mi contexto específico — los principios son válidos pero requeriría ajustes",,Soporte débil,Soporte débil,No soportado,Soporte débil,No soportado,Soporte débil,Soporte débil,No soportado,No soportado,No soportado,No soportado,No soportado,Excelente soporte,Excelente soporte,Excelente soporte,Buen soporte,Excelente soporte,Excelente soporte,Excelente soporte,Excelente soporte,Excelente soporte,Buen soporte,Buen soporte,Excelente soporte,Buen soporte,Excelente soporte,Soporte moderado,Soporte moderado,Excelente soporte,Excelente soporte,Excelente soporte,Buen soporte,Excelente soporte,Soporte débil,Buen soporte,Excelente soporte,"El scoring del as-is es consistente con lo que uno ve en proyectos reales sin estructura. Agregaría un escenario de pruebas: cómo se testea un flujo con esta separación de etapas, porque la testeabilidad mejora mucho con E1–E4 pero no está evaluada explícitamente."
R-014,23/06/2026 19:42,"Sí, he leído las condiciones y acepto participar",Desarrollador / Ingeniero de software,Entre 3 y 5 años,Alta,Media,Baja,Totalmente de acuerdo,Totalmente de acuerdo,De acuerdo,De acuerdo,De acuerdo,De acuerdo,De acuerdo,Totalmente de acuerdo,"He trabajado con n8n en producción y el problema de los tokens hardcodeados es real. REG-001 resuelve algo que la mayoría ignora hasta que hay un incidente. Lo que más me aporta es el error workflow obligatorio, en todos los proyectos que he visto que eso es lo primero que se omite.",9,"Sí, sin modificaciones mayores — lo adoptaría tal como está presentado",,Soporte débil,Soporte débil,No soportado,No soportado,No soportado,Soporte débil,Soporte débil,Soporte débil,No soportado,No soportado,Soporte débil,No soportado,Excelente soporte,Excelente soporte,Excelente soporte,Buen soporte,Excelente soporte,Excelente soporte,Excelente soporte,Excelente soporte,Excelente soporte,Buen soporte,Buen soporte,Excelente soporte,Buen soporte,Excelente soporte,Excelente soporte,Soporte moderado,Buen soporte,Excelente soporte,Excelente soporte,Excelente soporte,Excelente soporte,Soporte débil,Buen soporte,Excelente soporte,"El caso IoT me parece el más representativo porque los pipelines de sensores son donde más se pierde datos sin que nadie se entere. El dead-letter en PostgreSQL es la decisión correcta aunque depende de que la BD esté disponible, que no siempre está garantizado"
R-015,24/06/2026 10:14,"Sí, he leído las condiciones y acepto participar",Arquitecto de software,Entre 3 y 5 años,Media,Muy Alta,Alta,Totalmente de acuerdo,Totalmente de acuerdo,De acuerdo,Totalmente de acuerdo,De acuerdo,Totalmente de acuerdo,De acuerdo,De acuerdo,"El riesgo que veo, es la ausencia de gestión centralizada de secretos con rotación automática (R-BOT-01). Las credenciales nativas de n8n eliminan el hardcoding, pero no resuelven rotación, auditoría de acceso ni revocación ante incidente. En entornos regulados esto es una brecha operacional, no un trade-off menor. Complementar REG-001 con integración a un vault externo (HashiCorp, AWS SSM) convertiría el proyecto en una práctica más robusta. El framework lo reconoce pero no lo aborda.",8,"Sí, con adaptaciones a mi contexto específico — los principios son válidos pero requeriría ajustes",,Soporte moderado,Soporte moderado,Soporte débil,Soporte moderado,Soporte débil,Soporte moderado,Soporte moderado,Soporte débil,Soporte débil,Soporte débil,Soporte débil,Soporte débil,Excelente soporte,Excelente soporte,Excelente soporte,Buen soporte,Excelente soporte,Excelente soporte,Excelente soporte,Excelente soporte,Excelente soporte,Buen soporte,Buen soporte,Excelente soporte,Excelente soporte,Excelente soporte,Excelente soporte,Excelente soporte,Excelente soporte,Excelente soporte,Excelente soporte,Excelente soporte,Excelente soporte,Buen soporte,Buen soporte,Excelente soporte,"El ejercicio no cubre un escenario de falla en el orquestador principal (REG-002). Si ese nodo falla, todos los subflujos quedan inaccesibles simultáneamente: es un punto único de falla no evaluado. Adicionalmente, ningún escenario prueba carga concurrente alta, donde  la cola de mensajes fallidas, enfrentaría su mayor presión real. Ambos vacíos son relevantes para producción."
R-016,24/06/2026 11:43,"Sí, he leído las condiciones y acepto participar",Desarrollador / Ingeniero de software,Entre 5 y 10 años,Alta,Alta,Media,Totalmente de acuerdo,Totalmente de acuerdo,Totalmente de acuerdo,De acuerdo,De acuerdo,De acuerdo,Totalmente de acuerdo,De acuerdo,"El framework aplica bien los principios de separación de responsabilidades que ya conocemos de microservicios, pero en el contexto LC/NC. REG-008 (dominio aislado en E2) es el equivalente a un servicio de dominio sin dependencias externas. Lo que veo como riesgo es que equipos sin esa cultura arquitectónica van a resistir la restricción de E2 cuando el negocio presiona por velocidad.",9,"Sí, con adaptaciones a mi contexto específico — los principios son válidos pero requeriría ajustes",,Soporte débil,Soporte débil,No soportado,Soporte débil,No soportado,Soporte débil,Soporte débil,Soporte débil,No soportado,No soportado,No soportado,No soportado,Excelente soporte,Excelente soporte,Excelente soporte,Buen soporte,Excelente soporte,Excelente soporte,Excelente soporte,Excelente soporte,Excelente soporte,Buen soporte,Buen soporte,Excelente soporte,Buen soporte,Excelente soporte,Soporte moderado,Soporte moderado,Buen soporte,Excelente soporte,Excelente soporte,Buen soporte,Excelente soporte,Soporte débil,Buen soporte,Excelente soporte,Los escenarios de mantenibilidad son los más convincentes. Faltaría evaluar qué pasa cuando el equipo crece y varios desarrolladores modifican distintas etapas al mismo tiempo; el modelo E1–E4 debería facilitar eso pero no hay un escenario que lo pruebe explícitamente.
R-017,24/06/2026 15:26,"Sí, he leído las condiciones y acepto participar",Desarrollador / Ingeniero de software,Entre 3 y 5 años,Media,Baja,Baja,De acuerdo,De acuerdo,De acuerdo,De acuerdo,Totalmente de acuerdo,De acuerdo,De acuerdo,Totalmente de acuerdo,"Lo que más me llama la atención es el impacto en los códigos HTTP. Consumir APIs que siempre devuelven 200 aunque haya errores es un problema real para quien consume el servicio. REG-009 resuelve algo que afecta directamente a los clientes del sistema, no solo a quien mantiene el flujo.",8,"Sí, con adaptaciones a mi contexto específico — los principios son válidos pero requeriría ajustes",,Soporte débil,No soportado,Soporte débil,No soportado,No soportado,No soportado,Soporte débil,Soporte débil,No soportado,No soportado,No soportado,No soportado,Buen soporte,Excelente soporte,Excelente soporte,Buen soporte,Excelente soporte,Excelente soporte,Excelente soporte,Excelente soporte,Excelente soporte,Buen soporte,Buen soporte,Excelente soporte,Buen soporte,Excelente soporte,Soporte moderado,Soporte moderado,Buen soporte,Excelente soporte,Excelente soporte,Excelente soporte,Excelente soporte,Soporte débil,Buen soporte,Excelente soporte,"BOT-Q6 es el escenario que más resuena desde el lado del consumidor del API. Los contratos HTTP mal implementados generan bugs difíciles de rastrear en el cliente. Ninguno de los escenarios evalúa el impacto en quien consume el webhook de respuesta, que es una perspectiva válida."
R-018,24/06/2026 18:28,"Sí, he leído las condiciones y acepto participar",Desarrollador / Ingeniero de software,Entre 3 y 5 años,Alta,Baja,Baja,De acuerdo,Totalmente de acuerdo,Totalmente de acuerdo,De acuerdo,Totalmente de acuerdo,De acuerdo,De acuerdo,De acuerdo,"Para pipelines de datos la idempotencia es lo más importante y el framework la resuelve bien en ambos casos. El ON CONFLICT en E3 es la decisión más sólida del caso IoT. Lo que agregaría es algún mecanismo de alerta cuando el dead-letter recibe entradas, no solo guardar el payload sino notificar activamente.",9,"Sí, sin modificaciones mayores — lo adoptaría tal como está presentado",,Soporte débil,Soporte débil,No soportado,Soporte débil,Soporte débil,Soporte débil,No soportado,No soportado,No soportado,No soportado,No soportado,No soportado,Excelente soporte,Excelente soporte,Excelente soporte,Buen soporte,Excelente soporte,Excelente soporte,Excelente soporte,Excelente soporte,Excelente soporte,Buen soporte,Excelente soporte,Excelente soporte,Buen soporte,Excelente soporte,Soporte moderado,Soporte moderado,Excelente soporte,Excelente soporte,Excelente soporte,Buen soporte,Excelente soporte,Soporte débil,Excelente soporte,Excelente soporte,Desde pipelines de datos el caso IoT es muy representativo. Me hubiera gustado ver un escenario con volumen alto de lecturas simultáneas para evaluar si el ON CONFLICT escala bien bajo presión real.
R-019,24/06/2026 19:30,"Sí, he leído las condiciones y acepto participar",Desarrollador / Ingeniero de software,Menos de 3 años,Baja,Media,Ninguna,De acuerdo,Neutral,De acuerdo,De acuerdo,De acuerdo,Totalmente de acuerdo,Neutral,De acuerdo,Ninguna,8,"Tal vez — requeriría más evidencia empírica, validación en producción, o más contexto",Pruebas en proyectos reales,Soporte débil,Soporte débil,Soporte débil,No soportado,Soporte débil,No soportado,Soporte débil,No soportado,No soportado,Soporte débil,Soporte débil,Soporte débil,Buen soporte,Buen soporte,Buen soporte,Soporte moderado,Buen soporte,Excelente soporte,Excelente soporte,Buen soporte,Buen soporte,Excelente soporte,Soporte moderado,Excelente soporte,Buen soporte,Buen soporte,Excelente soporte,Excelente soporte,Excelente soporte,Buen soporte,Excelente soporte,Buen soporte,Buen soporte,Soporte moderado,Buen soporte,Buen soporte,N/a
